{"train_losses": [1.2086549825616397, 0.9501850906222243, 0.8544250532330246, 0.8036489776386093, 0.7495688557132438], "val_losses": [1.3449736391799525, 1.3193150743318256, 1.2980064628862311, 1.2770934590110554, 1.3080195916955126]}